true\pred,like,dislike,peace,background
like,1.000000,0.000000,0.000000,0.000000
dislike,1.000000,0.000000,0.000000,0.000000
peace,1.000000,0.000000,0.000000,0.000000
background,1.000000,0.000000,0.000000,0.000000
